filename,width,height,class,xmin,ymin,xmax,ymax
2021-07-26-151012.jpg,640,480,mm,171,220,209,250
2021-07-26-151012.jpg,640,480,peanut,175,243,227,277
2021-07-26-151012.jpg,640,480,almond,222,206,271,245
2021-07-26-151012.jpg,640,480,raisin,150,149,177,168
2021-07-26-151012.jpg,640,480,raisin,156,166,195,193
2021-07-26-151012.jpg,640,480,raisin,287,139,326,162
2021-07-26-151012.jpg,640,480,raisin,227,73,248,103
2021-07-26-151012.jpg,640,480,raisin,289,75,313,93
2021-07-26-151012.jpg,640,480,raisin,379,114,406,133
2021-07-26-151012.jpg,640,480,raisin,327,174,371,200
2021-07-26-151012.jpg,640,480,raisin,327,226,371,256
2021-07-26-151012.jpg,640,480,raisin,429,193,457,206
2021-07-26-151012.jpg,640,480,raisin,368,164,399,196
2021-07-26-151012.jpg,640,480,raisin,415,139,439,169
2021-07-26-151012.jpg,640,480,raisin,415,167,437,186
2021-07-26-151012.jpg,640,480,raisin,415,35,435,51
2021-07-26-151012.jpg,640,480,raisin,394,54,421,81
2021-07-26-151012.jpg,640,480,raisin,423,87,451,121
2021-07-26-151012.jpg,640,480,raisin,470,107,507,133
2021-07-26-151012.jpg,640,480,raisin,523,118,558,151
2021-07-26-151012.jpg,640,480,raisin,223,246,269,298
2021-07-26-151012.jpg,640,480,mm,316,28,345,56
2021-07-26-151012.jpg,640,480,mm,308,82,345,108
2021-07-26-151012.jpg,640,480,mm,329,128,368,155
2021-07-26-151012.jpg,640,480,mm,340,154,376,177
2021-07-26-151012.jpg,640,480,mm,486,206,531,240
2021-07-26-151012.jpg,640,480,mm,526,202,574,236
2021-07-26-151012.jpg,640,480,mm,509,152,547,185
2021-07-26-151012.jpg,640,480,mm,536,140,574,172
2021-07-26-151012.jpg,640,480,mm,186,87,221,116
2021-07-26-151012.jpg,640,480,mm,221,101,258,130
2021-07-26-151012.jpg,640,480,mm,384,126,421,157
2021-07-26-151012.jpg,640,480,mm,422,45,453,73
2021-07-26-151012.jpg,640,480,mm,436,66,470,92
2021-07-26-151012.jpg,640,480,mm,439,101,474,133
2021-07-26-151012.jpg,640,480,mm,297,190,338,224
2021-07-26-151012.jpg,640,480,almond,425,246,468,306
2021-07-26-151012.jpg,640,480,almond,464,250,514,286
2021-07-26-151012.jpg,640,480,almond,281,245,336,315
2021-07-26-151012.jpg,640,480,almond,404,196,470,242
2021-07-26-151012.jpg,640,480,almond,241,150,280,197
2021-07-26-151012.jpg,640,480,almond,205,56,253,88
2021-07-26-151012.jpg,640,480,peanut,364,294,422,332
2021-07-26-151012.jpg,640,480,peanut,365,239,413,272
2021-07-26-151012.jpg,640,480,peanut,376,269,425,301
2021-07-26-151012.jpg,640,480,peanut,187,170,221,200
2021-07-26-151012.jpg,640,480,peanut,218,134,254,157
2021-07-26-151012.jpg,640,480,peanut,258,130,291,155
2021-07-26-151012.jpg,640,480,peanut,281,30,314,49
2021-07-26-151012.jpg,640,480,peanut,267,51,312,74
2021-07-26-151012.jpg,640,480,peanut,323,102,358,125
2021-07-26-151012.jpg,640,480,peanut,332,52,368,78
2021-07-26-151012.jpg,640,480,peanut,346,38,375,58
2021-07-26-151012.jpg,640,480,peanut,377,32,401,57
2021-07-26-151012.jpg,640,480,peanut,373,56,394,84
2021-07-26-151012.jpg,640,480,peanut,494,142,526,172
2021-07-26-151012.jpg,640,480,peanut,472,66,508,97
2021-07-26-151012.jpg,640,480,peanut,509,106,539,132
2021-07-26-151012.jpg,640,480,peanut,483,95,512,120
2021-07-26-151012.jpg,640,480,peanut,452,86,484,112
2021-07-26-151012.jpg,640,480,almond,350,82,407,109
2021-07-26-151012.jpg,640,480,almond,362,189,405,216
2021-07-26-151012.jpg,640,480,almond,394,174,416,204
2021-07-26-151012.jpg,640,480,peanut,484,176,512,209
2021-07-26-151012.jpg,640,480,almond,512,175,583,206
2021-07-26-151012.jpg,640,480,peanut,259,265,294,309
2021-07-26-151012.jpg,640,480,almond,332,188,365,223
2021-07-26-151029.jpg,640,480,mm,223,75,258,102
2021-07-26-151029.jpg,640,480,mm,377,37,412,61
2021-07-26-151029.jpg,640,480,mm,371,61,407,89
2021-07-26-151029.jpg,640,480,mm,432,107,468,137
2021-07-26-151029.jpg,640,480,mm,513,89,550,115
2021-07-26-151029.jpg,640,480,mm,442,304,490,343
2021-07-26-151029.jpg,640,480,mm,411,282,452,322
2021-07-26-151029.jpg,640,480,mm,324,280,370,316
2021-07-26-151029.jpg,640,480,mm,341,313,385,352
2021-07-26-151029.jpg,640,480,mm,380,140,417,170
2021-07-26-151029.jpg,640,480,mm,347,151,384,182
2021-07-26-151029.jpg,640,480,mm,285,137,323,169
2021-07-26-151029.jpg,640,480,mm,401,175,439,207
2021-07-26-151029.jpg,640,480,mm,460,208,503,244
2021-07-26-151029.jpg,640,480,mm,521,195,562,230
2021-07-26-151029.jpg,640,480,mm,543,174,585,205
2021-07-26-151029.jpg,640,480,peanut,200,85,234,116
2021-07-26-151029.jpg,640,480,peanut,186,136,225,166
2021-07-26-151029.jpg,640,480,peanut,184,208,218,251
2021-07-26-151029.jpg,640,480,peanut,218,205,255,250
2021-07-26-151029.jpg,640,480,peanut,245,190,284,231
2021-07-26-151029.jpg,640,480,peanut,311,181,344,211
2021-07-26-151029.jpg,640,480,peanut,342,196,380,223
2021-07-26-151029.jpg,640,480,peanut,493,167,535,197
2021-07-26-151029.jpg,640,480,peanut,463,64,497,99
2021-07-26-151029.jpg,640,480,peanut,502,62,532,93
2021-07-26-151029.jpg,640,480,peanut,494,110,524,141
2021-07-26-151029.jpg,640,480,peanut,523,111,552,139
2021-07-26-151029.jpg,640,480,peanut,540,131,576,161
2021-07-26-151029.jpg,640,480,peanut,504,143,541,164
2021-07-26-151029.jpg,640,480,peanut,500,275,543,306
2021-07-26-151029.jpg,640,480,peanut,502,218,539,247
2021-07-26-151029.jpg,640,480,peanut,536,224,573,263
2021-07-26-151029.jpg,640,480,peanut,507,246,540,276
2021-07-26-151029.jpg,640,480,peanut,364,272,418,299
2021-07-26-151029.jpg,640,480,peanut,425,274,470,302
2021-07-26-151029.jpg,640,480,peanut,280,69,313,94
2021-07-26-151029.jpg,640,480,peanut,334,76,365,97
2021-07-26-151029.jpg,640,480,peanut,356,96,382,118
2021-07-26-151029.jpg,640,480,peanut,417,125,449,155
2021-07-26-151029.jpg,640,480,raisin,306,43,330,65
2021-07-26-151029.jpg,640,480,raisin,284,55,313,74
2021-07-26-151029.jpg,640,480,raisin,210,115,237,135
2021-07-26-151029.jpg,640,480,raisin,188,123,218,144
2021-07-26-151029.jpg,640,480,raisin,258,172,298,204
2021-07-26-151029.jpg,640,480,raisin,297,168,325,187
2021-07-26-151029.jpg,640,480,raisin,320,151,350,186
2021-07-26-151029.jpg,640,480,raisin,340,176,372,199
2021-07-26-151029.jpg,640,480,raisin,339,222,367,258
2021-07-26-151029.jpg,640,480,raisin,368,210,399,234
2021-07-26-151029.jpg,640,480,raisin,398,202,434,225
2021-07-26-151029.jpg,640,480,raisin,425,167,460,193
2021-07-26-151029.jpg,640,480,raisin,361,115,387,148
2021-07-26-151029.jpg,640,480,raisin,404,52,439,75
2021-07-26-151029.jpg,640,480,raisin,450,90,473,112
2021-07-26-151029.jpg,640,480,raisin,473,288,514,324
2021-07-26-151029.jpg,640,480,raisin,476,241,510,276
2021-07-26-151029.jpg,640,480,raisin,568,169,599,183
2021-07-26-151029.jpg,640,480,raisin,473,197,520,218
2021-07-26-151029.jpg,640,480,raisin,515,158,553,184
2021-07-26-151029.jpg,640,480,almond,413,38,464,68
2021-07-26-151029.jpg,640,480,almond,257,273,312,313
2021-07-26-151029.jpg,640,480,almond,226,239,293,282
2021-07-26-151029.jpg,640,480,almond,302,209,347,269
2021-07-26-151029.jpg,640,480,almond,192,142,251,191
2021-07-26-151029.jpg,640,480,almond,231,101,285,131
2021-07-26-151029.jpg,640,480,almond,301,93,360,126
2021-07-26-151029.jpg,640,480,almond,451,136,496,184
2021-07-26-151029.jpg,640,480,almond,376,299,434,354
2021-07-26-151057.jpg,640,480,peanut,361,24,396,52
2021-07-26-151057.jpg,640,480,peanut,291,39,323,65
2021-07-26-151057.jpg,640,480,peanut,210,53,253,77
2021-07-26-151057.jpg,640,480,peanut,219,74,255,101
2021-07-26-151057.jpg,640,480,peanut,243,80,280,110
2021-07-26-151057.jpg,640,480,peanut,424,67,446,97
2021-07-26-151057.jpg,640,480,peanut,436,108,461,133
2021-07-26-151057.jpg,640,480,peanut,406,129,442,152
2021-07-26-151057.jpg,640,480,peanut,272,122,308,144
2021-07-26-151057.jpg,640,480,peanut,269,142,301,175
2021-07-26-151057.jpg,640,480,peanut,380,180,411,209
2021-07-26-151057.jpg,640,480,peanut,480,202,525,237
2021-07-26-151057.jpg,640,480,peanut,509,240,547,271
2021-07-26-151057.jpg,640,480,peanut,420,239,463,272
2021-07-26-151057.jpg,640,480,peanut,417,272,464,302
2021-07-26-151057.jpg,640,480,peanut,392,262,421,296
2021-07-26-151057.jpg,640,480,peanut,397,290,440,323
2021-07-26-151057.jpg,640,480,peanut,332,244,365,283
2021-07-26-151057.jpg,640,480,peanut,191,174,217,215
2021-07-26-151057.jpg,640,480,peanut,194,216,226,250
2021-07-26-151057.jpg,640,480,peanut,197,266,229,303
2021-07-26-151057.jpg,640,480,peanut,230,272,270,301
2021-07-26-151057.jpg,640,480,peanut,247,287,299,322
2021-07-26-151057.jpg,640,480,peanut,270,261,303,294
2021-07-26-151057.jpg,640,480,almond,194,87,229,128
2021-07-26-151057.jpg,640,480,almond,165,110,197,150
2021-07-26-151057.jpg,640,480,almond,209,125,273,148
2021-07-26-151057.jpg,640,480,almond,272,51,328,88
2021-07-26-151057.jpg,640,480,almond,359,51,387,88
2021-07-26-151057.jpg,640,480,almond,377,88,425,132
2021-07-26-151057.jpg,640,480,almond,521,156,556,205
2021-07-26-151057.jpg,640,480,almond,124,182,184,219
2021-07-26-151057.jpg,640,480,almond,350,210,408,254
2021-07-26-151057.jpg,640,480,mm,386,39,421,66
2021-07-26-151057.jpg,640,480,mm,320,131,356,167
2021-07-26-151057.jpg,640,480,mm,343,155,381,188
2021-07-26-151057.jpg,640,480,mm,405,188,447,221
2021-07-26-151057.jpg,640,480,mm,459,257,502,293
2021-07-26-151057.jpg,640,480,mm,500,131,533,158
2021-07-26-151057.jpg,640,480,mm,463,132,498,161
2021-07-26-151057.jpg,640,480,mm,321,91,358,120
2021-07-26-151057.jpg,640,480,mm,161,148,201,179
2021-07-26-151057.jpg,640,480,mm,125,161,166,188
2021-07-26-151057.jpg,640,480,mm,165,204,203,230
2021-07-26-151057.jpg,640,480,mm,141,228,185,256
2021-07-26-151057.jpg,640,480,mm,300,177,336,209
2021-07-26-151057.jpg,640,480,mm,264,228,305,264
2021-07-26-151057.jpg,640,480,mm,332,293,378,332
2021-07-26-151057.jpg,640,480,mm,294,273,337,312
2021-07-26-151057.jpg,640,480,raisin,327,35,361,61
2021-07-26-151057.jpg,640,480,raisin,475,80,501,101
2021-07-26-151057.jpg,640,480,raisin,443,70,478,91
2021-07-26-151057.jpg,640,480,raisin,276,93,316,116
2021-07-26-151057.jpg,640,480,raisin,305,109,328,124
2021-07-26-151057.jpg,640,480,raisin,313,120,344,136
2021-07-26-151057.jpg,640,480,raisin,292,131,321,161
2021-07-26-151057.jpg,640,480,raisin,372,138,409,165
2021-07-26-151057.jpg,640,480,raisin,468,160,506,181
2021-07-26-151057.jpg,640,480,raisin,452,199,479,226
2021-07-26-151057.jpg,640,480,raisin,487,236,517,250
2021-07-26-151057.jpg,640,480,raisin,376,322,397,349
2021-07-26-151057.jpg,640,480,raisin,359,264,392,300
2021-07-26-151057.jpg,640,480,raisin,327,198,359,228
2021-07-26-151057.jpg,640,480,raisin,301,237,331,277
2021-07-26-151057.jpg,640,480,raisin,229,242,262,276
2021-07-26-151057.jpg,640,480,raisin,169,246,202,280
2021-07-26-151057.jpg,640,480,raisin,229,144,269,172
2021-07-26-151057.jpg,640,480,raisin,261,167,293,184
2021-07-26-151057.jpg,640,480,raisin,279,182,300,212
2021-07-26-151104.jpg,640,480,peanut,319,21,356,50
2021-07-26-151104.jpg,640,480,peanut,310,40,347,63
2021-07-26-151104.jpg,640,480,peanut,316,55,354,82
2021-07-26-151104.jpg,640,480,peanut,396,39,417,72
2021-07-26-151104.jpg,640,480,peanut,463,59,502,89
2021-07-26-151104.jpg,640,480,peanut,479,120,507,148
2021-07-26-151104.jpg,640,480,peanut,447,163,484,185
2021-07-26-151104.jpg,640,480,peanut,411,159,445,191
2021-07-26-151104.jpg,640,480,peanut,383,270,441,293
2021-07-26-151104.jpg,640,480,peanut,376,307,424,334
2021-07-26-151104.jpg,640,480,peanut,308,255,350,290
2021-07-26-151104.jpg,640,480,peanut,276,257,304,285
2021-07-26-151104.jpg,640,480,peanut,283,278,320,313
2021-07-26-151104.jpg,640,480,peanut,254,274,284,314
2021-07-26-151104.jpg,640,480,peanut,335,197,373,216
2021-07-26-151104.jpg,640,480,peanut,236,215,275,244
2021-07-26-151104.jpg,640,480,peanut,308,97,340,120
2021-07-26-151104.jpg,640,480,peanut,292,109,315,143
2021-07-26-151104.jpg,640,480,peanut,205,100,235,133
2021-07-26-151104.jpg,640,480,peanut,177,133,210,160
2021-07-26-151104.jpg,640,480,peanut,135,168,173,193
2021-07-26-151104.jpg,640,480,peanut,185,200,226,223
2021-07-26-151104.jpg,640,480,peanut,163,186,191,211
2021-07-26-151104.jpg,640,480,peanut,156,198,190,239
2021-07-26-151104.jpg,640,480,almond,146,88,209,116
2021-07-26-151104.jpg,640,480,almond,244,46,269,84
2021-07-26-151104.jpg,640,480,almond,273,39,304,79
2021-07-26-151104.jpg,640,480,almond,263,75,308,109
2021-07-26-151104.jpg,640,480,almond,372,42,404,88
2021-07-26-151104.jpg,640,480,almond,427,78,466,112
2021-07-26-151104.jpg,640,480,almond,420,117,450,170
2021-07-26-151104.jpg,640,480,almond,458,251,519,290
2021-07-26-151104.jpg,640,480,almond,275,212,341,237
2021-07-26-151104.jpg,640,480,raisin,262,98,295,123
2021-07-26-151104.jpg,640,480,raisin,260,143,284,168
2021-07-26-151104.jpg,640,480,raisin,275,126,291,151
2021-07-26-151104.jpg,640,480,raisin,341,80,377,101
2021-07-26-151104.jpg,640,480,raisin,346,101,371,116
2021-07-26-151104.jpg,640,480,raisin,341,116,375,133
2021-07-26-151104.jpg,640,480,raisin,310,120,341,141
2021-07-26-151104.jpg,640,480,raisin,369,158,410,182
2021-07-26-151104.jpg,640,480,raisin,499,134,539,163
2021-07-26-151104.jpg,640,480,raisin,520,158,555,184
2021-07-26-151104.jpg,640,480,raisin,436,223,485,248
2021-07-26-151104.jpg,640,480,raisin,378,250,413,268
2021-07-26-151104.jpg,640,480,raisin,384,293,425,309
2021-07-26-151104.jpg,640,480,raisin,241,244,276,275
2021-07-26-151104.jpg,640,480,raisin,209,290,236,311
2021-07-26-151104.jpg,640,480,raisin,225,194,258,225
2021-07-26-151104.jpg,640,480,raisin,282,179,314,208
2021-07-26-151104.jpg,640,480,raisin,175,171,211,190
2021-07-26-151104.jpg,640,480,raisin,131,141,169,167
2021-07-26-151104.jpg,640,480,mm,176,68,210,95
2021-07-26-151104.jpg,640,480,mm,209,73,244,101
2021-07-26-151104.jpg,640,480,mm,371,97,406,126
2021-07-26-151104.jpg,640,480,mm,328,124,363,158
2021-07-26-151104.jpg,640,480,mm,326,154,367,186
2021-07-26-151104.jpg,640,480,mm,275,150,312,180
2021-07-26-151104.jpg,640,480,mm,477,85,512,111
2021-07-26-151104.jpg,640,480,mm,447,196,488,225
2021-07-26-151104.jpg,640,480,mm,485,215,525,247
2021-07-26-151104.jpg,640,480,mm,346,211,386,245
2021-07-26-151104.jpg,640,480,mm,320,288,366,327
2021-07-26-151104.jpg,640,480,mm,197,248,242,285
2021-07-26-151104.jpg,640,480,mm,190,218,231,250
2021-07-26-151104.jpg,640,480,mm,208,172,249,203
2021-07-26-151104.jpg,640,480,mm,135,119,173,145
2021-07-26-151104.jpg,640,480,mm,168,114,203,135
2021-07-26-151104.jpg,640,480,raisin,431,53,461,70
2021-07-26-151104.jpg,640,480,raisin,434,66,465,81
2021-07-26-151112.jpg,640,480,almond,374,84,436,119
2021-07-26-151112.jpg,640,480,almond,334,54,371,91
2021-07-26-151112.jpg,640,480,almond,254,78,320,109
2021-07-26-151112.jpg,640,480,almond,542,102,577,146
2021-07-26-151112.jpg,640,480,almond,441,191,481,240
2021-07-26-151112.jpg,640,480,almond,197,138,250,176
2021-07-26-151112.jpg,640,480,almond,243,160,306,192
2021-07-26-151112.jpg,640,480,almond,184,169,229,206
2021-07-26-151112.jpg,640,480,almond,214,244,258,292
2021-07-26-151112.jpg,640,480,peanut,576,173,608,208
2021-07-26-151112.jpg,640,480,peanut,537,149,570,189
2021-07-26-151112.jpg,640,480,peanut,508,202,547,235
2021-07-26-151112.jpg,640,480,peanut,527,228,563,257
2021-07-26-151112.jpg,640,480,peanut,514,251,563,280
2021-07-26-151112.jpg,640,480,peanut,490,234,527,262
2021-07-26-151112.jpg,640,480,peanut,440,236,470,272
2021-07-26-151112.jpg,640,480,peanut,396,272,422,308
2021-07-26-151112.jpg,640,480,peanut,393,304,443,335
2021-07-26-151112.jpg,640,480,peanut,359,299,404,328
2021-07-26-151112.jpg,640,480,peanut,330,306,359,345
2021-07-26-151112.jpg,640,480,peanut,287,261,322,295
2021-07-26-151112.jpg,640,480,peanut,323,27,355,55
2021-07-26-151112.jpg,640,480,peanut,250,112,283,148
2021-07-26-151112.jpg,640,480,peanut,198,95,239,126
2021-07-26-151112.jpg,640,480,peanut,217,108,249,145
2021-07-26-151112.jpg,640,480,peanut,399,53,423,81
2021-07-26-151112.jpg,640,480,peanut,437,86,461,111
2021-07-26-151112.jpg,640,480,peanut,421,115,457,132
2021-07-26-151112.jpg,640,480,peanut,300,144,334,168
2021-07-26-151112.jpg,640,480,peanut,307,167,345,196
2021-07-26-151112.jpg,640,480,peanut,250,224,292,263
2021-07-26-151112.jpg,640,480,peanut,438,163,462,195
2021-07-26-151112.jpg,640,480,peanut,266,63,301,84
2021-07-26-151112.jpg,640,480,raisin,450,50,476,71
2021-07-26-151112.jpg,640,480,raisin,418,48,451,70
2021-07-26-151112.jpg,640,480,raisin,292,48,334,72
2021-07-26-151112.jpg,640,480,raisin,282,114,323,140
2021-07-26-151112.jpg,640,480,raisin,318,126,341,146
2021-07-26-151112.jpg,640,480,raisin,340,127,364,145
2021-07-26-151112.jpg,640,480,raisin,334,148,354,177
2021-07-26-151112.jpg,640,480,raisin,402,126,431,154
2021-07-26-151112.jpg,640,480,raisin,494,112,523,144
2021-07-26-151112.jpg,640,480,raisin,509,160,527,184
2021-07-26-151112.jpg,640,480,raisin,516,293,544,319
2021-07-26-151112.jpg,640,480,raisin,469,246,512,278
2021-07-26-151112.jpg,640,480,raisin,397,244,437,278
2021-07-26-151112.jpg,640,480,raisin,395,196,431,229
2021-07-26-151112.jpg,640,480,raisin,343,200,371,231
2021-07-26-151112.jpg,640,480,raisin,272,175,308,209
2021-07-26-151112.jpg,640,480,raisin,314,191,350,215
2021-07-26-151112.jpg,640,480,raisin,291,291,319,336
2021-07-26-151112.jpg,640,480,raisin,347,267,374,311
2021-07-26-151112.jpg,640,480,mm,354,34,385,60
2021-07-26-151112.jpg,640,480,mm,503,86,536,112
2021-07-26-151112.jpg,640,480,mm,473,98,508,125
2021-07-26-151112.jpg,640,480,mm,328,100,365,130
2021-07-26-151112.jpg,640,480,mm,356,138,390,175
2021-07-26-151112.jpg,640,480,mm,388,151,428,183
2021-07-26-151112.jpg,640,480,mm,363,186,401,218
2021-07-26-151112.jpg,640,480,mm,468,276,514,316
2021-07-26-151112.jpg,640,480,mm,423,274,467,314
2021-07-26-151112.jpg,640,480,mm,366,244,408,281
2021-07-26-151112.jpg,640,480,mm,460,162,503,196
2021-07-26-151112.jpg,640,480,mm,251,287,295,321
2021-07-26-151112.jpg,640,480,mm,211,206,252,238
2021-07-26-151112.jpg,640,480,mm,186,229,227,261
2021-07-26-151152.jpg,640,480,raisin,183,107,219,137
2021-07-26-151152.jpg,640,480,raisin,236,85,261,113
2021-07-26-151152.jpg,640,480,raisin,221,107,249,134
2021-07-26-151152.jpg,640,480,raisin,350,58,378,80
2021-07-26-151152.jpg,640,480,raisin,334,73,360,103
2021-07-26-151152.jpg,640,480,raisin,342,95,374,125
2021-07-26-151152.jpg,640,480,raisin,339,120,376,145
2021-07-26-151152.jpg,640,480,raisin,517,85,548,107
2021-07-26-151152.jpg,640,480,raisin,258,123,293,144
2021-07-26-151152.jpg,640,480,raisin,211,157,236,186
2021-07-26-151152.jpg,640,480,raisin,117,161,143,179
2021-07-26-151152.jpg,640,480,raisin,101,168,137,196
2021-07-26-151152.jpg,640,480,raisin,439,142,461,173
2021-07-26-151152.jpg,640,480,raisin,314,153,349,179
2021-07-26-151152.jpg,640,480,raisin,292,185,321,213
2021-07-26-151152.jpg,640,480,raisin,269,212,295,248
2021-07-26-151152.jpg,640,480,raisin,458,187,480,212
2021-07-26-151152.jpg,640,480,raisin,489,197,515,221
2021-07-26-151152.jpg,640,480,raisin,297,213,331,238
2021-07-26-151152.jpg,640,480,raisin,170,180,197,210
2021-07-26-151152.jpg,640,480,raisin,130,228,168,250
2021-07-26-151152.jpg,640,480,raisin,151,259,187,287
2021-07-26-151152.jpg,640,480,raisin,473,237,501,274
2021-07-26-151152.jpg,640,480,almond,441,79,491,113
2021-07-26-151152.jpg,640,480,almond,510,124,538,166
2021-07-26-151152.jpg,640,480,almond,505,176,545,218
2021-07-26-151152.jpg,640,480,almond,388,230,450,263
2021-07-26-151152.jpg,640,480,almond,318,206,376,243
2021-07-26-151152.jpg,640,480,almond,229,227,266,289
2021-07-26-151152.jpg,640,480,almond,137,173,175,223
2021-07-26-151152.jpg,640,480,almond,151,205,214,242
2021-07-26-151152.jpg,640,480,peanut,104,123,142,148
2021-07-26-151152.jpg,640,480,peanut,85,143,127,169
2021-07-26-151152.jpg,640,480,peanut,125,143,154,164
2021-07-26-151152.jpg,640,480,peanut,139,154,176,174
2021-07-26-151152.jpg,640,480,peanut,108,187,136,221
2021-07-26-151152.jpg,640,480,peanut,134,249,168,274
2021-07-26-151152.jpg,640,480,peanut,191,228,228,271
2021-07-26-151152.jpg,640,480,peanut,170,133,193,160
2021-07-26-151152.jpg,640,480,peanut,176,150,202,182
2021-07-26-151152.jpg,640,480,peanut,219,131,258,157
2021-07-26-151152.jpg,640,480,peanut,233,163,271,195
2021-07-26-151152.jpg,640,480,peanut,234,195,276,225
2021-07-26-151152.jpg,640,480,peanut,307,270,353,308
2021-07-26-151152.jpg,640,480,peanut,267,95,303,126
2021-07-26-151152.jpg,640,480,peanut,290,110,316,140
2021-07-26-151152.jpg,640,480,peanut,317,78,344,104
2021-07-26-151152.jpg,640,480,peanut,359,76,394,108
2021-07-26-151152.jpg,640,480,peanut,385,73,412,99
2021-07-26-151152.jpg,640,480,peanut,316,126,341,157
2021-07-26-151152.jpg,640,480,peanut,385,109,418,146
2021-07-26-151152.jpg,640,480,peanut,431,107,461,132
2021-07-26-151152.jpg,640,480,peanut,484,154,511,186
2021-07-26-151152.jpg,640,480,peanut,351,158,386,190
2021-07-26-151152.jpg,640,480,peanut,346,178,378,215
2021-07-26-151152.jpg,640,480,peanut,335,242,379,283
2021-07-26-151152.jpg,640,480,peanut,377,218,400,267
2021-07-26-151152.jpg,640,480,peanut,379,210,422,238
2021-07-26-151152.jpg,640,480,peanut,421,213,458,237
2021-07-26-151152.jpg,640,480,peanut,438,239,475,270
2021-07-26-151152.jpg,640,480,peanut,470,213,498,238
2021-07-26-151152.jpg,640,480,mm,464,119,499,147
2021-07-26-151152.jpg,640,480,mm,490,219,531,253
2021-07-26-151152.jpg,640,480,mm,384,184,421,211
2021-07-26-151152.jpg,640,480,mm,293,235,331,270
2021-07-26-151152.jpg,640,480,mm,181,270,225,304
2021-07-26-151203.jpg,640,480,peanut,134,36,156,62
2021-07-26-151203.jpg,640,480,peanut,154,32,185,56
2021-07-26-151203.jpg,640,480,peanut,155,52,181,76
2021-07-26-151203.jpg,640,480,peanut,153,63,178,91
2021-07-26-151203.jpg,640,480,peanut,181,64,210,86
2021-07-26-151203.jpg,640,480,peanut,164,78,193,105
2021-07-26-151203.jpg,640,480,peanut,98,72,125,101
2021-07-26-151203.jpg,640,480,peanut,58,123,94,142
2021-07-26-151203.jpg,640,480,peanut,108,139,137,156
2021-07-26-151203.jpg,640,480,peanut,80,144,125,165
2021-07-26-151203.jpg,640,480,peanut,213,85,244,113
2021-07-26-151203.jpg,640,480,peanut,188,110,212,148
2021-07-26-151203.jpg,640,480,peanut,161,139,198,165
2021-07-26-151203.jpg,640,480,peanut,128,221,157,261
2021-07-26-151203.jpg,640,480,peanut,156,222,211,254
2021-07-26-151203.jpg,640,480,peanut,197,223,235,262
2021-07-26-151203.jpg,640,480,peanut,233,177,262,217
2021-07-26-151203.jpg,640,480,peanut,232,217,264,264
2021-07-26-151203.jpg,640,480,peanut,262,250,286,280
2021-07-26-151203.jpg,640,480,peanut,231,281,277,307
2021-07-26-151203.jpg,640,480,peanut,277,282,321,301
2021-07-26-151203.jpg,640,480,peanut,258,166,288,204
2021-07-26-151203.jpg,640,480,peanut,288,83,313,111
2021-07-26-151203.jpg,640,480,peanut,271,103,308,133
2021-07-26-151203.jpg,640,480,peanut,266,129,303,155
2021-07-26-151203.jpg,640,480,peanut,331,97,363,118
2021-07-26-151203.jpg,640,480,peanut,388,126,412,156
2021-07-26-151203.jpg,640,480,peanut,357,116,388,152
2021-07-26-151203.jpg,640,480,peanut,331,156,370,187
2021-07-26-151203.jpg,640,480,peanut,380,175,413,207
2021-07-26-151203.jpg,640,480,peanut,363,246,398,281
2021-07-26-151203.jpg,640,480,raisin,120,57,140,87
2021-07-26-151203.jpg,640,480,raisin,139,61,155,82
2021-07-26-151203.jpg,640,480,raisin,133,95,169,122
2021-07-26-151203.jpg,640,480,raisin,55,140,91,160
2021-07-26-151203.jpg,640,480,raisin,155,163,192,192
2021-07-26-151203.jpg,640,480,raisin,183,174,200,207
2021-07-26-151203.jpg,640,480,raisin,181,100,214,121
2021-07-26-151203.jpg,640,480,raisin,214,55,240,83
2021-07-26-151203.jpg,640,480,raisin,236,76,267,93
2021-07-26-151203.jpg,640,480,raisin,269,60,289,91
2021-07-26-151203.jpg,640,480,raisin,227,99,254,117
2021-07-26-151203.jpg,640,480,raisin,247,95,275,125
2021-07-26-151203.jpg,640,480,raisin,197,156,232,182
2021-07-26-151203.jpg,640,480,raisin,252,147,276,179
2021-07-26-151203.jpg,640,480,raisin,373,102,404,127
2021-07-26-151203.jpg,640,480,raisin,329,120,355,152
2021-07-26-151203.jpg,640,480,raisin,304,134,336,170
2021-07-26-151203.jpg,640,480,raisin,339,207,373,238
2021-07-26-151203.jpg,640,480,raisin,485,220,521,246
2021-07-26-151203.jpg,640,480,raisin,301,253,333,277
2021-07-26-151203.jpg,640,480,raisin,320,281,347,308
2021-07-26-151203.jpg,640,480,raisin,245,299,285,332
2021-07-26-151203.jpg,640,480,almond,108,81,164,112
2021-07-26-151203.jpg,640,480,almond,81,111,150,141
2021-07-26-151203.jpg,640,480,almond,100,153,153,202
2021-07-26-151203.jpg,640,480,almond,205,113,269,149
2021-07-26-151203.jpg,640,480,almond,424,161,455,211
2021-07-26-151203.jpg,640,480,almond,396,242,461,281
2021-07-26-151203.jpg,640,480,almond,340,275,388,325
2021-07-26-151203.jpg,640,480,almond,194,181,227,234
2021-07-26-151203.jpg,640,480,mm,57,159,97,189
2021-07-26-151203.jpg,640,480,mm,144,189,184,222
2021-07-26-151203.jpg,640,480,mm,254,205,293,238
2021-07-26-151203.jpg,640,480,mm,286,153,325,189
2021-07-26-151203.jpg,640,480,mm,282,298,325,335
2021-07-26-151203.jpg,640,480,mm,388,207,431,241
IMG-3716.jpg,3024,4032,mm,1406,746,1574,918
IMG-3716.jpg,3024,4032,mm,1018,1185,1185,1346
IMG-3716.jpg,3024,4032,mm,1569,1159,1727,1318
IMG-3716.jpg,3024,4032,mm,2015,1250,2174,1399
IMG-3716.jpg,3024,4032,mm,2404,1394,2567,1552
IMG-3716.jpg,3024,4032,mm,874,2466,1041,2641
IMG-3716.jpg,3024,4032,raisin,1564,773,1704,906
IMG-3716.jpg,3024,4032,raisin,1346,873,1434,1018
IMG-3716.jpg,3024,4032,raisin,1401,1018,1520,1122
IMG-3716.jpg,3024,4032,raisin,653,1173,801,1315
IMG-3716.jpg,3024,4032,raisin,1248,1222,1383,1357
IMG-3716.jpg,3024,4032,raisin,1964,1332,2041,1501
IMG-3716.jpg,3024,4032,raisin,2018,1422,2153,1571
IMG-3716.jpg,3024,4032,raisin,1862,1483,2001,1615
IMG-3716.jpg,3024,4032,raisin,1690,1566,1801,1729
IMG-3716.jpg,3024,4032,raisin,1406,1608,1557,1792
IMG-3716.jpg,3024,4032,raisin,1322,1676,1450,1876
IMG-3716.jpg,3024,4032,raisin,1225,1852,1413,1936
IMG-3716.jpg,3024,4032,raisin,1122,1866,1255,1990
IMG-3716.jpg,3024,4032,raisin,1092,2532,1229,2657
IMG-3716.jpg,3024,4032,raisin,1678,1920,1815,2022
IMG-3716.jpg,3024,4032,raisin,1781,1904,1925,2008
IMG-3716.jpg,3024,4032,raisin,1795,2043,1948,2155
IMG-3716.jpg,3024,4032,raisin,1850,2148,2011,2285
IMG-3716.jpg,3024,4032,raisin,1995,1848,2120,1992
IMG-3716.jpg,3024,4032,raisin,2453,1585,2622,1659
IMG-3716.jpg,3024,4032,raisin,2406,1757,2562,1878
IMG-3716.jpg,3024,4032,raisin,2183,1850,2336,1962
IMG-3716.jpg,3024,4032,raisin,2290,2122,2388,2248
IMG-3716.jpg,3024,4032,raisin,2362,2071,2478,2229
IMG-3716.jpg,3024,4032,almond,1188,792,1369,1032
IMG-3716.jpg,3024,4032,almond,911,997,1162,1199
IMG-3716.jpg,3024,4032,almond,895,1334,1039,1615
IMG-3716.jpg,3024,4032,almond,1643,985,1890,1136
IMG-3716.jpg,3024,4032,almond,1834,1190,1974,1455
IMG-3716.jpg,3024,4032,almond,2181,1371,2381,1594
IMG-3716.jpg,3024,4032,almond,2236,1699,2504,1827
IMG-3716.jpg,3024,4032,almond,2225,1880,2469,2064
IMG-3716.jpg,3024,4032,almond,1650,2569,1857,2852
IMG-3716.jpg,3024,4032,peanut,1439,906,1597,1011
IMG-3716.jpg,3024,4032,peanut,1606,892,1774,1001
IMG-3716.jpg,3024,4032,peanut,1148,1022,1285,1183
IMG-3716.jpg,3024,4032,peanut,1088,1362,1227,1515
IMG-3716.jpg,3024,4032,peanut,1269,1462,1439,1597
IMG-3716.jpg,3024,4032,peanut,1067,1662,1192,1843
IMG-3716.jpg,3024,4032,peanut,1174,1676,1325,1852
IMG-3716.jpg,3024,4032,peanut,1576,999,1676,1148
IMG-3716.jpg,3024,4032,peanut,1676,1101,1815,1283
IMG-3716.jpg,3024,4032,peanut,1778,1094,1918,1190
IMG-3716.jpg,3024,4032,peanut,1908,1120,2092,1232
IMG-3716.jpg,3024,4032,peanut,2085,1090,2197,1276
IMG-3716.jpg,3024,4032,peanut,1718,1294,1862,1480
IMG-3716.jpg,3024,4032,peanut,1632,1390,1760,1599
IMG-3716.jpg,3024,4032,peanut,1564,1650,1718,1785
IMG-3716.jpg,3024,4032,peanut,1548,1808,1704,1946
IMG-3716.jpg,3024,4032,peanut,1285,1922,1443,2034
IMG-3716.jpg,3024,4032,peanut,2011,1590,2178,1720
IMG-3716.jpg,3024,4032,peanut,1827,1766,2036,1885
IMG-3716.jpg,3024,4032,peanut,2267,1532,2504,1683
IMG-3716.jpg,3024,4032,peanut,1883,1946,2060,2108
IMG-3716.jpg,3024,4032,peanut,2092,1939,2220,2078
IMG-3716.jpg,3024,4032,peanut,2034,2080,2174,2213
IMG-3716.jpg,3024,4032,peanut,2418,1952,2529,2122
IMG-3716.jpg,3024,4032,peanut,2474,1655,2634,1783
IMG-3716.jpg,3024,4032,peanut,2174,2039,2313,2199
IMG-3716.jpg,3024,4032,peanut,2181,2183,2336,2290
IMG-3716.jpg,3024,4032,peanut,2329,2215,2443,2408
IMG-3716.jpg,3024,4032,peanut,1448,2566,1576,2790
IMG-3716.jpg,3024,4032,peanut,2185,2299,2348,2452
IMG-3727.jpg,3024,4032,peanut,1600,1044,1717,1220
IMG-3727.jpg,3024,4032,peanut,1292,1059,1507,1201
IMG-3727.jpg,3024,4032,peanut,1445,1137,1615,1254
IMG-3727.jpg,3024,4032,peanut,1356,1184,1464,1403
IMG-3727.jpg,3024,4032,peanut,1173,1363,1290,1544
IMG-3727.jpg,3024,4032,peanut,800,1297,986,1442
IMG-3727.jpg,3024,4032,peanut,737,1416,915,1548
IMG-3727.jpg,3024,4032,peanut,905,1450,1056,1591
IMG-3727.jpg,3024,4032,peanut,790,1559,956,1716
IMG-3727.jpg,3024,4032,peanut,492,1703,634,1891
IMG-3727.jpg,3024,4032,peanut,1747,1280,1886,1448
IMG-3727.jpg,3024,4032,peanut,1873,1461,2062,1639
IMG-3727.jpg,3024,4032,peanut,1137,1808,1247,1990
IMG-3727.jpg,3024,4032,peanut,630,1829,786,2057
IMG-3727.jpg,3024,4032,peanut,1117,2203,1288,2329
IMG-3727.jpg,3024,4032,peanut,1051,2350,1202,2497
IMG-3727.jpg,3024,4032,peanut,1656,1831,1834,1957
IMG-3727.jpg,3024,4032,peanut,1700,1956,1866,2073
IMG-3727.jpg,3024,4032,peanut,1943,2037,2102,2231
IMG-3727.jpg,3024,4032,peanut,2117,2114,2271,2305
IMG-3727.jpg,3024,4032,peanut,2177,2220,2371,2407
IMG-3727.jpg,3024,4032,peanut,1877,2573,2077,2699
IMG-3727.jpg,3024,4032,peanut,1598,2757,1771,2959
IMG-3727.jpg,3024,4032,peanut,1332,2557,1471,2701
IMG-3727.jpg,3024,4032,raisin,588,1818,734,1950
IMG-3727.jpg,3024,4032,raisin,885,1152,979,1265
IMG-3727.jpg,3024,4032,raisin,988,1325,1158,1508
IMG-3727.jpg,3024,4032,raisin,1288,1352,1434,1541
IMG-3727.jpg,3024,4032,raisin,1547,1208,1654,1380
IMG-3727.jpg,3024,4032,raisin,1758,1057,1875,1250
IMG-3727.jpg,3024,4032,raisin,947,1584,1051,1735
IMG-3727.jpg,3024,4032,raisin,820,1880,911,2012
IMG-3727.jpg,3024,4032,raisin,1283,1637,1426,1788
IMG-3727.jpg,3024,4032,raisin,1547,1616,1679,1752
IMG-3727.jpg,3024,4032,raisin,1643,1741,1798,1827
IMG-3727.jpg,3024,4032,raisin,1824,1737,1968,1893
IMG-3727.jpg,3024,4032,raisin,1237,2065,1385,2222
IMG-3727.jpg,3024,4032,raisin,1607,1891,1722,2041
IMG-3727.jpg,3024,4032,raisin,1568,2035,1715,2218
IMG-3727.jpg,3024,4032,raisin,798,2133,926,2342
IMG-3727.jpg,3024,4032,raisin,1688,2114,1794,2254
IMG-3727.jpg,3024,4032,raisin,1785,2163,1958,2341
IMG-3727.jpg,3024,4032,raisin,1828,2663,1947,2829
IMG-3727.jpg,3024,4032,raisin,1720,2627,1847,2795
IMG-3727.jpg,3024,4032,raisin,1092,2699,1283,2842
IMG-3727.jpg,3024,4032,raisin,962,2701,1100,2842
IMG-3727.jpg,3024,4032,almond,543,2108,703,2401
IMG-3727.jpg,3024,4032,almond,1066,1559,1281,1797
IMG-3727.jpg,3024,4032,almond,2022,1229,2198,1527
IMG-3727.jpg,3024,4032,almond,2156,1748,2377,1914
IMG-3727.jpg,3024,4032,almond,1841,1791,2122,1971
IMG-3727.jpg,3024,4032,almond,2085,1908,2362,2090
IMG-3727.jpg,3024,4032,almond,1794,2422,2126,2576
IMG-3727.jpg,3024,4032,almond,1539,2491,1722,2756
IMG-3727.jpg,3024,4032,almond,1294,2274,1534,2539
IMG-3727.jpg,3024,4032,mm,1000,1156,1181,1346
IMG-3727.jpg,3024,4032,mm,1183,1174,1360,1363
IMG-3727.jpg,3024,4032,mm,1411,1331,1586,1527
IMG-3727.jpg,3024,4032,mm,1866,1129,2032,1307
IMG-3727.jpg,3024,4032,mm,1879,1297,2041,1471
IMG-3727.jpg,3024,4032,mm,615,1522,798,1712
IMG-3727.jpg,3024,4032,mm,1422,1663,1594,1835
IMG-3727.jpg,3024,4032,mm,939,1801,1117,1980
IMG-3727.jpg,3024,4032,mm,1285,1829,1464,2008
IMG-3727.jpg,3024,4032,mm,1447,1929,1628,2101
IMG-3727.jpg,3024,4032,mm,1575,2212,1752,2393
IMG-3727.jpg,3024,4032,mm,683,2305,854,2474
IMG-3727.jpg,3024,4032,mm,860,2246,1034,2425
IMG-3727.jpg,3024,4032,mm,1388,2697,1558,2871
IMG-3727.jpg,3024,4032,mm,2147,1422,2330,1597
IMG-3727.jpg,3024,4032,mm,2045,1561,2224,1744
IMG-3749.jpg,3024,4032,mm,728,793,917,974
IMG-3749.jpg,3024,4032,mm,694,1020,877,1207
IMG-3749.jpg,3024,4032,mm,686,1291,881,1478
IMG-3749.jpg,3024,4032,mm,694,1573,885,1748
IMG-3749.jpg,3024,4032,mm,696,1869,888,2048
IMG-3749.jpg,3024,4032,mm,685,2095,886,2284
IMG-3749.jpg,3024,4032,mm,654,2295,845,2484
IMG-3749.jpg,3024,4032,mm,700,2537,888,2733
IMG-3749.jpg,3024,4032,peanut,1054,793,1185,978
IMG-3749.jpg,3024,4032,peanut,985,1141,1177,1276
IMG-3749.jpg,3024,4032,peanut,962,1416,1168,1552
IMG-3749.jpg,3024,4032,peanut,985,1661,1115,1835
IMG-3749.jpg,3024,4032,peanut,915,1907,1158,2061
IMG-3749.jpg,3024,4032,peanut,986,2120,1130,2329
IMG-3749.jpg,3024,4032,peanut,917,2420,1102,2601
IMG-3749.jpg,3024,4032,peanut,879,2620,1098,2786
IMG-3749.jpg,3024,4032,raisin,1326,797,1488,933
IMG-3749.jpg,3024,4032,raisin,1294,1144,1430,1274
IMG-3749.jpg,3024,4032,raisin,1283,1454,1443,1599
IMG-3749.jpg,3024,4032,raisin,1273,1735,1396,1880
IMG-3749.jpg,3024,4032,raisin,1268,1944,1451,2069
IMG-3749.jpg,3024,4032,raisin,1230,2161,1403,2290
IMG-3749.jpg,3024,4032,raisin,1205,2384,1354,2507
IMG-3749.jpg,3024,4032,raisin,1169,2622,1337,2769
IMG-3749.jpg,3024,4032,raisin,1564,861,1783,980
IMG-3749.jpg,3024,4032,raisin,1579,1112,1760,1256
IMG-3749.jpg,3024,4032,raisin,1562,1412,1749,1561
IMG-3749.jpg,3024,4032,raisin,1500,1767,1669,1869
IMG-3749.jpg,3024,4032,raisin,1586,1882,1730,2061
IMG-3749.jpg,3024,4032,raisin,1534,2184,1730,2299
IMG-3749.jpg,3024,4032,raisin,1545,2433,1656,2561
IMG-3749.jpg,3024,4032,almond,1860,1095,2105,1369
IMG-3749.jpg,3024,4032,almond,1841,1457,2156,1629
IMG-3749.jpg,3024,4032,almond,1856,1773,2132,1969
IMG-3749.jpg,3024,4032,almond,1837,2156,2149,2322
IMG-3749.jpg,3024,4032,almond,1752,2425,2045,2627
IMG-3753.jpg,3024,4032,mm,628,506,928,812
IMG-3753.jpg,3024,4032,mm,577,876,877,1179
IMG-3753.jpg,3024,4032,mm,577,1309,892,1615
IMG-3753.jpg,3024,4032,mm,610,1758,913,2055
IMG-3753.jpg,3024,4032,mm,610,2224,913,2506
IMG-3753.jpg,3024,4032,mm,622,2582,922,2879
IMG-3753.jpg,3024,4032,mm,571,2894,871,3191
IMG-3753.jpg,3024,4032,mm,658,3245,943,3555
IMG-3753.jpg,3024,4032,peanut,1101,582,1307,867
IMG-3753.jpg,3024,4032,peanut,1046,1106,1328,1309
IMG-3753.jpg,3024,4032,peanut,998,1527,1289,1727
IMG-3753.jpg,3024,4032,peanut,1058,1903,1249,2158
IMG-3753.jpg,3024,4032,peanut,962,2264,1313,2491
IMG-3753.jpg,3024,4032,peanut,1068,2597,1283,2894
IMG-3753.jpg,3024,4032,peanut,989,3018,1268,3303
IMG-3753.jpg,3024,4032,peanut,962,3291,1246,3591
IMG-3753.jpg,3024,4032,raisin,1501,645,1719,852
IMG-3753.jpg,3024,4032,raisin,1455,1155,1646,1330
IMG-3753.jpg,3024,4032,raisin,1468,1597,1674,1806
IMG-3753.jpg,3024,4032,raisin,1452,1994,1622,2194
IMG-3753.jpg,3024,4032,raisin,1443,2276,1677,2467
IMG-3753.jpg,3024,4032,raisin,1407,2597,1625,2779
IMG-3753.jpg,3024,4032,raisin,1398,2912,1580,3097
IMG-3753.jpg,3024,4032,raisin,1310,3252,1543,3424
IMG-3753.jpg,3024,4032,raisin,1789,794,2052,958
IMG-3753.jpg,3024,4032,raisin,1831,1142,2055,1327
IMG-3753.jpg,3024,4032,raisin,1804,1539,2037,1742
IMG-3753.jpg,3024,4032,raisin,1719,2021,1937,2164
IMG-3753.jpg,3024,4032,raisin,1834,2185,2022,2418
IMG-3753.jpg,3024,4032,raisin,1780,2588,2004,2733
IMG-3753.jpg,3024,4032,raisin,1795,2921,1922,3088
IMG-3753.jpg,3024,4032,almond,2158,1149,2422,1509
IMG-3753.jpg,3024,4032,almond,2128,1624,2462,1839
IMG-3753.jpg,3024,4032,almond,2131,2021,2446,2267
IMG-3753.jpg,3024,4032,almond,2131,2515,2452,2694
IMG-3753.jpg,3024,4032,almond,2022,2867,2352,3085
IMG-3754.jpg,3024,4032,mm,546,812,768,1042
IMG-3754.jpg,3024,4032,mm,549,1158,780,1394
IMG-3754.jpg,3024,4032,mm,577,1533,798,1745
IMG-3754.jpg,3024,4032,mm,604,1861,834,2076
IMG-3754.jpg,3024,4032,mm,586,2288,813,2512
IMG-3754.jpg,3024,4032,peanut,1013,758,1186,988
IMG-3754.jpg,3024,4032,peanut,952,1164,1177,1339
IMG-3754.jpg,3024,4032,peanut,931,1512,1155,1676
IMG-3754.jpg,3024,4032,peanut,922,1827,1071,2033
IMG-3754.jpg,3024,4032,peanut,913,2176,1089,2385
IMG-3754.jpg,3024,4032,peanut,976,2503,1143,2733
IMG-3754.jpg,3024,4032,peanut,952,2821,1192,2994
IMG-3754.jpg,3024,4032,peanut,998,3109,1174,3309
IMG-3754.jpg,3024,4032,almond,1410,867,1589,1303
IMG-3754.jpg,3024,4032,raisin,1695,779,1907,1012
IMG-3754.jpg,3024,4032,raisin,1719,1142,1910,1367
IMG-3754.jpg,3024,4032,raisin,1710,1464,1874,1706
IMG-3754.jpg,3024,4032,raisin,1662,1818,1822,2003
IMG-3754.jpg,3024,4032,raisin,1677,2115,1828,2367
IMG-3754.jpg,3024,4032,raisin,1640,2509,1847,2652
IMG-3754.jpg,3024,4032,raisin,1643,2752,1856,2895
IMG-3754.jpg,3024,4032,raisin,1700,3090,1900,3254
IMG-3755.jpg,3024,4032,mm,671,688,871,864
IMG-3755.jpg,3024,4032,mm,649,921,858,1109
IMG-3755.jpg,3024,4032,mm,634,1206,846,1391
IMG-3755.jpg,3024,4032,mm,637,1473,865,1676
IMG-3755.jpg,3024,4032,mm,580,1849,819,2085
IMG-3755.jpg,3024,4032,peanut,1086,633,1249,830
IMG-3755.jpg,3024,4032,peanut,1010,909,1231,1070
IMG-3755.jpg,3024,4032,peanut,977,1170,1204,1333
IMG-3755.jpg,3024,4032,peanut,952,1427,1110,1627
IMG-3755.jpg,3024,4032,peanut,937,1764,1116,1949
IMG-3755.jpg,3024,4032,peanut,983,2052,1171,2297
IMG-3755.jpg,3024,4032,peanut,937,2406,1216,2576
IMG-3755.jpg,3024,4032,peanut,979,2727,1190,2957
IMG-3755.jpg,3024,4032,almond,1445,693,1617,1025
IMG-3755.jpg,3024,4032,raisin,1709,641,1900,818
IMG-3755.jpg,3024,4032,raisin,1739,890,1915,1071
IMG-3755.jpg,3024,4032,raisin,1752,1116,1909,1333
IMG-3755.jpg,3024,4032,raisin,1722,1410,1877,1608
IMG-3755.jpg,3024,4032,raisin,1751,1686,1911,1939
IMG-3755.jpg,3024,4032,raisin,1719,2063,1960,2239
IMG-3755.jpg,3024,4032,raisin,1737,2327,1988,2491
IMG-3755.jpg,3024,4032,raisin,1828,2714,2079,2931
IMG-3756.jpg,3024,4032,mm,507,924,722,1161
IMG-3756.jpg,3024,4032,mm,507,1291,731,1521
IMG-3756.jpg,3024,4032,mm,525,1676,734,1894
IMG-3756.jpg,3024,4032,mm,540,2021,762,2249
IMG-3756.jpg,3024,4032,mm,522,2476,725,2712
IMG-3756.jpg,3024,4032,peanut,940,818,1131,1067
IMG-3756.jpg,3024,4032,peanut,868,1255,1110,1445
IMG-3756.jpg,3024,4032,peanut,831,1645,1074,1822
IMG-3756.jpg,3024,4032,peanut,818,1992,981,2211
IMG-3756.jpg,3024,4032,peanut,806,2371,999,2601
IMG-3756.jpg,3024,4032,peanut,864,2734,1041,2990
IMG-3756.jpg,3024,4032,peanut,827,3083,1076,3276
IMG-3756.jpg,3024,4032,peanut,869,3401,1055,3611
IMG-3756.jpg,3024,4032,almond,1342,871,1554,1372
IMG-3756.jpg,3024,4032,raisin,1683,734,1937,1004
IMG-3756.jpg,3024,4032,raisin,1707,1167,1921,1426
IMG-3756.jpg,3024,4032,raisin,1672,1561,1853,1850
IMG-3756.jpg,3024,4032,raisin,1623,1988,1794,2210
IMG-3756.jpg,3024,4032,raisin,1634,2350,1799,2658
IMG-3756.jpg,3024,4032,raisin,1558,2809,1821,3005
IMG-3756.jpg,3024,4032,raisin,1572,3114,1814,3291
IMG-3756.jpg,3024,4032,raisin,1628,3514,1861,3744
IMG-3757.jpg,3024,4032,mm,428,821,695,1103
IMG-3757.jpg,3024,4032,mm,458,1257,730,1522
IMG-3757.jpg,3024,4032,mm,509,1684,747,1907
IMG-3757.jpg,3024,4032,mm,558,2031,809,2261
IMG-3757.jpg,3024,4032,mm,558,2456,794,2665
IMG-3757.jpg,3024,4032,peanut,996,778,1215,1069
IMG-3757.jpg,3024,4032,peanut,924,1271,1194,1478
IMG-3757.jpg,3024,4032,peanut,905,1676,1162,1856
IMG-3757.jpg,3024,4032,peanut,896,2024,1060,2227
IMG-3757.jpg,3024,4032,peanut,898,2342,1073,2584
IMG-3757.jpg,3024,4032,peanut,968,2667,1128,2880
IMG-3757.jpg,3024,4032,peanut,936,2924,1169,3084
IMG-3757.jpg,3024,4032,peanut,985,3159,1156,3337
IMG-3757.jpg,3024,4032,almond,1483,939,1703,1446
IMG-3757.jpg,3024,4032,raisin,1841,824,2094,1108
IMG-3757.jpg,3024,4032,raisin,1832,1290,2049,1539
IMG-3757.jpg,3024,4032,raisin,1785,1667,1968,1924
IMG-3757.jpg,3024,4032,raisin,1707,2039,1877,2220
IMG-3757.jpg,3024,4032,raisin,1696,2333,1849,2567
IMG-3757.jpg,3024,4032,raisin,1630,2686,1837,2816
IMG-3757.jpg,3024,4032,raisin,1617,2895,1824,3025
IMG-3757.jpg,3024,4032,raisin,1647,3161,1836,3308
IMG-3758.jpg,3024,4032,mm,558,373,840,682
IMG-3758.jpg,3024,4032,mm,562,815,852,1109
IMG-3758.jpg,3024,4032,mm,604,1291,874,1570
IMG-3758.jpg,3024,4032,mm,640,1721,934,2009
IMG-3758.jpg,3024,4032,mm,622,2285,937,2582
IMG-3758.jpg,3024,4032,peanut,1134,406,1346,700
IMG-3758.jpg,3024,4032,peanut,1068,876,1337,1094
IMG-3758.jpg,3024,4032,peanut,1052,1309,1328,1506
IMG-3758.jpg,3024,4032,peanut,1043,1691,1234,1955
IMG-3758.jpg,3024,4032,peanut,1034,2127,1258,2385
IMG-3758.jpg,3024,4032,peanut,1119,2545,1340,2824
IMG-3758.jpg,3024,4032,peanut,1122,2942,1404,3152
IMG-3758.jpg,3024,4032,peanut,1177,3306,1416,3552
IMG-3758.jpg,3024,4032,almond,1583,615,1789,1106
IMG-3758.jpg,3024,4032,raisin,1874,576,2076,829
IMG-3758.jpg,3024,4032,raisin,1899,969,2090,1211
IMG-3758.jpg,3024,4032,raisin,1908,1318,2092,1580
IMG-3758.jpg,3024,4032,raisin,1862,1711,2034,1929
IMG-3758.jpg,3024,4032,raisin,1892,2052,2050,2341
IMG-3758.jpg,3024,4032,raisin,1871,2497,2078,2664
IMG-3758.jpg,3024,4032,raisin,1869,2787,2106,2946
IMG-3758.jpg,3024,4032,raisin,1939,3171,2155,3352
IMG-3759.jpg,3024,4032,mm,777,467,1083,788
IMG-3759.jpg,3024,4032,mm,797,901,1115,1232
IMG-3759.jpg,3024,4032,mm,401,869,720,1190
IMG-3759.jpg,3024,4032,mm,369,1311,664,1613
IMG-3759.jpg,3024,4032,mm,732,1390,1048,1701
IMG-3759.jpg,3024,4032,mm,322,1778,650,2080
IMG-3759.jpg,3024,4032,mm,706,1818,1027,2127
IMG-3759.jpg,3024,4032,mm,346,2225,669,2539
IMG-3759.jpg,3024,4032,mm,748,2297,1067,2622
IMG-3759.jpg,3024,4032,mm,325,2666,618,2964
IMG-3759.jpg,3024,4032,mm,311,3057,629,3392
IMG-3759.jpg,3024,4032,mm,708,2757,1025,3062
IMG-3759.jpg,3024,4032,mm,699,3118,1011,3429
IMG-3759.jpg,3024,4032,peanut,1218,955,1671,1204
IMG-3759.jpg,3024,4032,peanut,1320,1441,1592,1690
IMG-3759.jpg,3024,4032,peanut,1295,1848,1629,2108
IMG-3759.jpg,3024,4032,peanut,1288,2220,1615,2436
IMG-3759.jpg,3024,4032,peanut,1267,2594,1557,2864
IMG-3759.jpg,3024,4032,peanut,1122,3032,1518,3385
IMG-3759.jpg,3024,4032,raisin,1804,1020,2101,1350
IMG-3759.jpg,3024,4032,raisin,1736,1511,2076,1762
IMG-3759.jpg,3024,4032,raisin,1706,1957,1971,2199
IMG-3759.jpg,3024,4032,raisin,1718,2259,1969,2508
IMG-3759.jpg,3024,4032,almond,2362,994,2643,1529
IMG-3759.jpg,3024,4032,almond,2239,1606,2667,1883
IMG-3760.jpg,3024,4032,mm,1062,464,1328,688
IMG-3760.jpg,3024,4032,mm,710,697,986,936
IMG-3760.jpg,3024,4032,mm,1052,733,1328,982
IMG-3760.jpg,3024,4032,mm,625,1000,895,1239
IMG-3760.jpg,3024,4032,mm,943,1064,1228,1324
IMG-3760.jpg,3024,4032,mm,504,1355,810,1618
IMG-3760.jpg,3024,4032,mm,871,1391,1171,1673
IMG-3760.jpg,3024,4032,mm,449,1733,780,2024
IMG-3760.jpg,3024,4032,mm,846,1827,1168,2121
IMG-3760.jpg,3024,4032,mm,340,2152,662,2452
IMG-3760.jpg,3024,4032,mm,222,2567,598,2921
IMG-3760.jpg,3024,4032,mm,734,2252,1086,2597
IMG-3760.jpg,3024,4032,mm,658,2655,1025,3027
IMG-3760.jpg,3024,4032,peanut,1413,761,1816,979
IMG-3760.jpg,3024,4032,peanut,1479,1139,1736,1363
IMG-3760.jpg,3024,4032,peanut,1443,1435,1768,1684
IMG-3760.jpg,3024,4032,peanut,1411,1795,1743,2012
IMG-3760.jpg,3024,4032,peanut,1358,2146,1677,2422
IMG-3760.jpg,3024,4032,peanut,1188,2605,1611,3046
IMG-3760.jpg,3024,4032,raisin,1924,850,2192,1116
IMG-3760.jpg,3024,4032,raisin,1879,1199,2198,1408
IMG-3760.jpg,3024,4032,raisin,1854,1580,2111,1778
IMG-3760.jpg,3024,4032,raisin,1854,1844,2122,2078
IMG-3760.jpg,3024,4032,almond,2437,852,2688,1241
IMG-3760.jpg,3024,4032,almond,2351,1269,2769,1529
IMG-3761.jpg,3024,4032,mm,555,532,822,841
IMG-3761.jpg,3024,4032,mm,276,957,543,1248
IMG-3761.jpg,3024,4032,mm,576,946,860,1246
IMG-3761.jpg,3024,4032,mm,264,1362,497,1632
IMG-3761.jpg,3024,4032,mm,536,1408,801,1699
IMG-3761.jpg,3024,4032,mm,239,1790,490,2066
IMG-3761.jpg,3024,4032,mm,267,2199,527,2478
IMG-3761.jpg,3024,4032,mm,267,2594,499,2862
IMG-3761.jpg,3024,4032,mm,522,1815,795,2106
IMG-3761.jpg,3024,4032,mm,564,2273,848,2569
IMG-3761.jpg,3024,4032,mm,546,2692,820,2990
IMG-3761.jpg,3024,4032,mm,548,3034,813,3332
IMG-3761.jpg,3024,4032,mm,239,2943,511,3236
IMG-3761.jpg,3024,4032,peanut,943,932,1346,1176
IMG-3761.jpg,3024,4032,peanut,1050,1422,1327,1662
IMG-3761.jpg,3024,4032,peanut,1015,1832,1320,2090
IMG-3761.jpg,3024,4032,peanut,1046,2197,1355,2422
IMG-3761.jpg,3024,4032,peanut,1029,2576,1304,2834
IMG-3761.jpg,3024,4032,peanut,915,2992,1281,3346
IMG-3761.jpg,3024,4032,raisin,1495,925,1795,1297
IMG-3761.jpg,3024,4032,raisin,1422,1455,1776,1699
IMG-3761.jpg,3024,4032,raisin,1434,1925,1692,2173
IMG-3761.jpg,3024,4032,raisin,1441,2243,1699,2511
IMG-3761.jpg,3024,4032,almond,2060,818,2388,1448
IMG-3761.jpg,3024,4032,almond,1934,1518,2434,1846
IMG-3762.jpg,3024,4032,mm,155,1245,528,1615
IMG-3762.jpg,3024,4032,mm,190,1741,513,2057
IMG-3762.jpg,3024,4032,mm,213,2215,539,2506
IMG-3762.jpg,3024,4032,mm,295,2622,611,2904
IMG-3762.jpg,3024,4032,mm,332,2983,608,3241
IMG-3762.jpg,3024,4032,mm,355,3278,648,3559
IMG-3762.jpg,3024,4032,mm,525,759,922,1152
IMG-3762.jpg,3024,4032,mm,615,1290,988,1664
IMG-3762.jpg,3024,4032,mm,592,1827,941,2155
IMG-3762.jpg,3024,4032,mm,601,2259,936,2562
IMG-3762.jpg,3024,4032,mm,692,2692,1004,2978
IMG-3762.jpg,3024,4032,mm,692,3057,988,3322
IMG-3762.jpg,3024,4032,mm,715,3329,995,3585
IMG-3762.jpg,3024,4032,peanut,1108,1364,1632,1657
IMG-3762.jpg,3024,4032,peanut,1241,1866,1546,2120
IMG-3762.jpg,3024,4032,peanut,1215,2301,1574,2559
IMG-3762.jpg,3024,4032,peanut,1218,2604,1557,2825
IMG-3762.jpg,3024,4032,peanut,1215,2925,1497,3169
IMG-3762.jpg,3024,4032,peanut,1099,3264,1457,3532
IMG-3762.jpg,3024,4032,raisin,1788,1420,2148,1797
IMG-3762.jpg,3024,4032,raisin,1695,1936,2076,2229
IMG-3762.jpg,3024,4032,raisin,1667,2376,1936,2632
IMG-3762.jpg,3024,4032,raisin,1662,2643,1915,2934
IMG-3762.jpg,3024,4032,almond,2411,1401,2774,2027
IMG-3762.jpg,3024,4032,almond,2241,2080,2718,2378
IMG-3763.jpg,3024,4032,mm,771,85,1152,491
IMG-3763.jpg,3024,4032,mm,286,524,695,958
IMG-3763.jpg,3024,4032,mm,810,630,1192,1045
IMG-3763.jpg,3024,4032,mm,255,1109,646,1506
IMG-3763.jpg,3024,4032,mm,737,1227,1128,1621
IMG-3763.jpg,3024,4032,mm,216,1718,634,2106
IMG-3763.jpg,3024,4032,mm,719,1767,1107,2152
IMG-3763.jpg,3024,4032,mm,265,2291,677,2694
IMG-3763.jpg,3024,4032,mm,798,2349,1171,2727
IMG-3763.jpg,3024,4032,mm,258,2855,643,3233
IMG-3763.jpg,3024,4032,mm,765,2894,1128,3270
IMG-3763.jpg,3024,4032,mm,274,3339,671,3779
IMG-3763.jpg,3024,4032,mm,758,3327,1137,3721
IMG-3763.jpg,3024,4032,peanut,1292,752,1819,1070
IMG-3763.jpg,3024,4032,peanut,1407,1318,1695,1597
IMG-3763.jpg,3024,4032,peanut,1415,1794,1776,2080
IMG-3763.jpg,3024,4032,peanut,1395,2206,1734,2452
IMG-3763.jpg,3024,4032,peanut,1385,2629,1697,2936
IMG-3763.jpg,3024,4032,peanut,1253,3152,1641,3497
IMG-3763.jpg,3024,4032,raisin,1908,887,2204,1239
IMG-3763.jpg,3024,4032,raisin,1857,1413,2185,1669
IMG-3763.jpg,3024,4032,raisin,1834,1901,2097,2155
IMG-3763.jpg,3024,4032,raisin,1839,2227,2113,2497
IMG-3763.jpg,3024,4032,almond,2422,904,2690,1446
IMG-3763.jpg,3024,4032,almond,2327,1527,2704,1818
IMG-3764.jpg,3024,4032,mm,800,670,948,811
IMG-3764.jpg,3024,4032,mm,986,624,1130,766
IMG-3764.jpg,3024,4032,mm,1144,650,1286,791
IMG-3764.jpg,3024,4032,mm,1323,645,1463,786
IMG-3764.jpg,3024,4032,mm,1551,635,1689,779
IMG-3764.jpg,3024,4032,mm,1757,623,1903,770
IMG-3764.jpg,3024,4032,mm,1965,624,2106,764
IMG-3764.jpg,3024,4032,mm,2144,648,2285,789
IMG-3764.jpg,3024,4032,peanut,758,807,888,972
IMG-3764.jpg,3024,4032,peanut,903,828,1041,968
IMG-3764.jpg,3024,4032,peanut,1112,871,1271,981
IMG-3764.jpg,3024,4032,peanut,1322,813,1441,999
IMG-3764.jpg,3024,4032,peanut,1497,862,1630,960
IMG-3764.jpg,3024,4032,peanut,1718,835,1817,999
IMG-3764.jpg,3024,4032,peanut,1928,844,2028,995
IMG-3764.jpg,3024,4032,peanut,2159,899,2294,995
IMG-3764.jpg,3024,4032,raisin,787,1032,893,1163
IMG-3764.jpg,3024,4032,raisin,983,1041,1081,1164
IMG-3764.jpg,3024,4032,raisin,1153,1064,1252,1200
IMG-3764.jpg,3024,4032,raisin,1327,1087,1424,1232
IMG-3764.jpg,3024,4032,raisin,1471,1083,1581,1182
IMG-3764.jpg,3024,4032,raisin,1689,1083,1801,1205
IMG-3764.jpg,3024,4032,raisin,1940,1088,2038,1197
IMG-3764.jpg,3024,4032,raisin,2197,1099,2298,1227
IMG-3764.jpg,3024,4032,raisin,954,1317,1050,1407
IMG-3764.jpg,3024,4032,raisin,1159,1300,1245,1460
IMG-3764.jpg,3024,4032,raisin,1340,1332,1479,1450
IMG-3764.jpg,3024,4032,raisin,1489,1269,1568,1399
IMG-3764.jpg,3024,4032,raisin,1728,1303,1842,1450
IMG-3764.jpg,3024,4032,raisin,1960,1303,2070,1447
IMG-3764.jpg,3024,4032,raisin,2171,1291,2257,1460
IMG-3764.jpg,3024,4032,almond,919,1481,1070,1701
IMG-3764.jpg,3024,4032,almond,1159,1534,1275,1776
IMG-3764.jpg,3024,4032,almond,1424,1551,1579,1753
IMG-3764.jpg,3024,4032,almond,1685,1523,1813,1760
IMG-3764.jpg,3024,4032,almond,1885,1519,2082,1707
IMG-3764.jpg,3024,4032,mm,1313,2953,1453,3101
IMG-3764.jpg,3024,4032,mm,1590,2974,1727,3115
IMG-3764.jpg,3024,4032,mm,1804,2962,1935,3093
IMG-3764.jpg,3024,4032,mm,2031,2956,2171,3097
IMG-3764.jpg,3024,4032,mm,2251,2962,2388,3093
IMG-3764.jpg,3024,4032,peanut,761,3214,888,3355
IMG-3764.jpg,3024,4032,peanut,1001,3186,1104,3333
IMG-3764.jpg,3024,4032,peanut,1159,3197,1313,3294
IMG-3764.jpg,3024,4032,peanut,1388,3152,1518,3272
IMG-3764.jpg,3024,4032,peanut,1611,3167,1747,3265
IMG-3764.jpg,3024,4032,peanut,1841,3182,1940,3331
IMG-3764.jpg,3024,4032,peanut,2054,3199,2161,3347
IMG-3764.jpg,3024,4032,peanut,2263,3247,2413,3350
IMG-3764.jpg,3024,4032,raisin,796,3648,906,3775
IMG-3764.jpg,3024,4032,raisin,1034,3614,1122,3759
IMG-3764.jpg,3024,4032,raisin,1190,3622,1283,3755
IMG-3764.jpg,3024,4032,raisin,1373,3647,1538,3746
IMG-3764.jpg,3024,4032,raisin,1606,3640,1734,3752
IMG-3764.jpg,3024,4032,raisin,1809,3681,1957,3798
IMG-3764.jpg,3024,4032,raisin,2019,3687,2162,3810
IMG-3764.jpg,3024,4032,raisin,2254,3682,2394,3810
IMG-3764.jpg,3024,4032,almond,2075,3491,2342,3616
IMG-3765.jpg,3024,4032,mm,760,620,889,734
IMG-3765.jpg,3024,4032,mm,921,596,1048,698
IMG-3765.jpg,3024,4032,mm,1060,613,1182,712
IMG-3765.jpg,3024,4032,mm,1216,610,1335,714
IMG-3765.jpg,3024,4032,mm,1413,604,1532,707
IMG-3765.jpg,3024,4032,mm,1592,596,1715,705
IMG-3765.jpg,3024,4032,mm,1771,597,1892,697
IMG-3765.jpg,3024,4032,mm,1924,615,2046,721
IMG-3765.jpg,3024,4032,peanut,720,705,828,840
IMG-3765.jpg,3024,4032,peanut,841,726,961,834
IMG-3765.jpg,3024,4032,peanut,1022,752,1165,851
IMG-3765.jpg,3024,4032,peanut,1210,719,1314,866
IMG-3765.jpg,3024,4032,peanut,1365,753,1481,833
IMG-3765.jpg,3024,4032,peanut,1564,743,1647,865
IMG-3765.jpg,3024,4032,peanut,1748,740,1830,858
IMG-3765.jpg,3024,4032,peanut,1955,788,2072,871
IMG-3765.jpg,3024,4032,raisin,721,884,820,981
IMG-3765.jpg,3024,4032,raisin,900,868,984,972
IMG-3765.jpg,3024,4032,raisin,1053,900,1141,1005
IMG-3765.jpg,3024,4032,raisin,1207,912,1297,1025
IMG-3765.jpg,3024,4032,raisin,1342,909,1439,995
IMG-3765.jpg,3024,4032,raisin,1540,911,1637,1012
IMG-3765.jpg,3024,4032,raisin,1765,924,1858,1008
IMG-3765.jpg,3024,4032,raisin,2001,930,2089,1027
IMG-3765.jpg,3024,4032,raisin,859,1083,945,1161
IMG-3765.jpg,3024,4032,raisin,1045,1073,1127,1204
IMG-3765.jpg,3024,4032,raisin,1217,1089,1344,1194
IMG-3765.jpg,3024,4032,raisin,1358,1054,1428,1155
IMG-3765.jpg,3024,4032,raisin,1578,1077,1684,1200
IMG-3765.jpg,3024,4032,raisin,1795,1071,1894,1196
IMG-3765.jpg,3024,4032,raisin,1988,1071,2069,1209
IMG-3765.jpg,3024,4032,almond,805,1209,950,1389
IMG-3765.jpg,3024,4032,almond,1031,1243,1149,1453
IMG-3765.jpg,3024,4032,almond,1291,1271,1436,1435
IMG-3765.jpg,3024,4032,almond,1540,1240,1668,1435
IMG-3765.jpg,3024,4032,almond,1733,1238,1916,1391
IMG-3765.jpg,3024,4032,mm,1141,2632,1300,2801
IMG-3765.jpg,3024,4032,mm,1455,2655,1615,2825
IMG-3765.jpg,3024,4032,mm,1703,2644,1855,2803
IMG-3765.jpg,3024,4032,mm,1958,2636,2124,2805
IMG-3765.jpg,3024,4032,mm,2209,2644,2370,2808
IMG-3765.jpg,3024,4032,peanut,476,2944,620,3100
IMG-3765.jpg,3024,4032,peanut,762,2897,884,3077
IMG-3765.jpg,3024,4032,peanut,948,2922,1131,3041
IMG-3765.jpg,3024,4032,peanut,1218,2878,1376,3007
IMG-3765.jpg,3024,4032,peanut,1478,2884,1643,3004
IMG-3765.jpg,3024,4032,peanut,1752,2907,1873,3084
IMG-3765.jpg,3024,4032,peanut,2010,2932,2137,3112
IMG-3765.jpg,3024,4032,peanut,2263,2990,2437,3119
IMG-3765.jpg,3024,4032,almond,2058,3303,2389,3462
IMG-3765.jpg,3024,4032,raisin,450,3512,599,3690
IMG-3765.jpg,3024,4032,raisin,759,3464,873,3658
IMG-3765.jpg,3024,4032,raisin,955,3467,1076,3656
IMG-3765.jpg,3024,4032,raisin,1187,3516,1396,3649
IMG-3765.jpg,3024,4032,raisin,1481,3510,1644,3648
IMG-3765.jpg,3024,4032,raisin,1740,3555,1929,3701
IMG-3765.jpg,3024,4032,raisin,2010,3571,2191,3738
IMG-3765.jpg,3024,4032,raisin,2302,3558,2481,3747
IMG-3766.jpg,3024,4032,mm,811,385,952,532
IMG-3766.jpg,3024,4032,mm,975,313,1113,459
IMG-3766.jpg,3024,4032,mm,1119,312,1257,464
IMG-3766.jpg,3024,4032,mm,1289,281,1432,438
IMG-3766.jpg,3024,4032,mm,1514,233,1663,396
IMG-3766.jpg,3024,4032,mm,1731,181,1894,350
IMG-3766.jpg,3024,4032,mm,1962,140,2128,308
IMG-3766.jpg,3024,4032,mm,2168,131,2340,305
IMG-3766.jpg,3024,4032,peanut,767,529,892,693
IMG-3766.jpg,3024,4032,peanut,902,532,1024,666
IMG-3766.jpg,3024,4032,peanut,1081,542,1227,665
IMG-3766.jpg,3024,4032,peanut,1278,459,1398,660
IMG-3766.jpg,3024,4032,peanut,1453,488,1588,591
IMG-3766.jpg,3024,4032,peanut,1695,434,1798,616
IMG-3766.jpg,3024,4032,peanut,1908,407,2016,580
IMG-3766.jpg,3024,4032,peanut,2188,429,2351,558
IMG-3766.jpg,3024,4032,raisin,801,750,890,886
IMG-3766.jpg,3024,4032,raisin,954,739,1052,865
IMG-3766.jpg,3024,4032,raisin,1111,748,1215,887
IMG-3766.jpg,3024,4032,raisin,1273,751,1380,901
IMG-3766.jpg,3024,4032,raisin,1425,731,1526,838
IMG-3766.jpg,3024,4032,raisin,1639,705,1763,842
IMG-3766.jpg,3024,4032,raisin,1925,691,2026,805
IMG-3766.jpg,3024,4032,raisin,2210,661,2335,815
IMG-3766.jpg,3024,4032,raisin,930,1019,1013,1113
IMG-3766.jpg,3024,4032,raisin,1105,990,1190,1155
IMG-3766.jpg,3024,4032,raisin,1283,1001,1422,1134
IMG-3766.jpg,3024,4032,raisin,1426,930,1511,1069
IMG-3766.jpg,3024,4032,raisin,1680,943,1805,1110
IMG-3766.jpg,3024,4032,raisin,1934,925,2061,1087
IMG-3766.jpg,3024,4032,raisin,2173,894,2282,1095
IMG-3766.jpg,3024,4032,almond,880,1187,1022,1414
IMG-3766.jpg,3024,4032,almond,1094,1230,1208,1484
IMG-3766.jpg,3024,4032,almond,1355,1239,1496,1454
IMG-3766.jpg,3024,4032,almond,1615,1189,1755,1454
IMG-3766.jpg,3024,4032,almond,1825,1167,2054,1390
IMG-3766.jpg,3024,4032,mm,1205,2726,1343,2882
IMG-3766.jpg,3024,4032,mm,1477,2785,1626,2940
IMG-3766.jpg,3024,4032,mm,1705,2805,1848,2953
IMG-3766.jpg,3024,4032,mm,1956,2834,2114,2994
IMG-3766.jpg,3024,4032,mm,2210,2875,2376,3034
IMG-3766.jpg,3024,4032,peanut,694,2914,811,3054
IMG-3766.jpg,3024,4032,peanut,903,2919,1009,3068
IMG-3766.jpg,3024,4032,peanut,1044,2958,1196,3059
IMG-3766.jpg,3024,4032,peanut,1255,2952,1409,3071
IMG-3766.jpg,3024,4032,peanut,1485,3001,1630,3109
IMG-3766.jpg,3024,4032,peanut,1734,3054,1847,3225
IMG-3766.jpg,3024,4032,peanut,1971,3116,2098,3294
IMG-3766.jpg,3024,4032,peanut,2211,3218,2392,3336
IMG-3766.jpg,3024,4032,almond,1984,3471,2285,3636
IMG-3766.jpg,3024,4032,raisin,715,3348,820,3469
IMG-3766.jpg,3024,4032,raisin,925,3361,1009,3499
IMG-3766.jpg,3024,4032,raisin,1072,3399,1156,3529
IMG-3766.jpg,3024,4032,raisin,1239,3469,1399,3575
IMG-3766.jpg,3024,4032,raisin,1473,3507,1597,3642
IMG-3766.jpg,3024,4032,raisin,1672,3601,1837,3743
IMG-3766.jpg,3024,4032,raisin,1910,3667,2068,3812
IMG-3766.jpg,3024,4032,raisin,2177,3723,2349,3883
25-high_sat.jpg,516,516,mm,28,87,74,135
25-high_sat.jpg,516,516,mm,85,71,131,121
25-high_sat.jpg,516,516,mm,136,79,182,131
25-high_sat.jpg,516,516,mm,192,80,238,131
25-high_sat.jpg,516,516,mm,266,76,312,129
25-high_sat.jpg,516,516,mm,332,73,381,125
25-high_sat.jpg,516,516,mm,401,74,448,125
25-high_sat.jpg,516,516,mm,457,82,506,134
25-high_sat.jpg,516,516,peanut,18,136,61,190
25-high_sat.jpg,516,516,peanut,62,144,108,192
25-high_sat.jpg,516,516,peanut,128,157,177,195
25-high_sat.jpg,516,516,peanut,192,138,230,199
25-high_sat.jpg,516,516,peanut,246,155,288,188
25-high_sat.jpg,516,516,peanut,314,147,347,198
25-high_sat.jpg,516,516,peanut,381,154,413,203
25-high_sat.jpg,516,516,peanut,451,167,495,200
25-high_sat.jpg,516,516,raisin,35,206,64,246
25-high_sat.jpg,516,516,raisin,90,214,121,250
25-high_sat.jpg,516,516,raisin,140,219,172,260
25-high_sat.jpg,516,516,raisin,193,227,224,271
25-high_sat.jpg,516,516,raisin,237,228,270,259
25-high_sat.jpg,516,516,raisin,301,229,335,267
25-high_sat.jpg,516,516,raisin,376,230,405,263
25-high_sat.jpg,516,516,raisin,454,236,486,275
25-high_sat.jpg,516,516,raisin,87,295,115,319
25-high_sat.jpg,516,516,raisin,145,291,170,336
25-high_sat.jpg,516,516,raisin,198,303,238,337
25-high_sat.jpg,516,516,raisin,240,281,263,322
25-high_sat.jpg,516,516,raisin,310,294,343,338
25-high_sat.jpg,516,516,raisin,378,298,408,339
25-high_sat.jpg,516,516,raisin,439,292,465,342
25-high_sat.jpg,516,516,almond,82,339,121,403
25-high_sat.jpg,516,516,almond,148,360,180,422
25-high_sat.jpg,516,516,almond,220,362,263,419
25-high_sat.jpg,516,516,almond,293,358,329,423
25-high_sat.jpg,516,516,almond,347,360,407,413
25-low_sat.jpg,516,516,mm,28,87,75,135
25-low_sat.jpg,516,516,mm,85,71,132,120
25-low_sat.jpg,516,516,mm,135,81,181,132
25-low_sat.jpg,516,516,mm,193,80,238,130
25-low_sat.jpg,516,516,mm,266,78,312,130
25-low_sat.jpg,516,516,mm,333,73,381,127
25-low_sat.jpg,516,516,mm,401,74,448,125
25-low_sat.jpg,516,516,mm,458,82,505,134
25-low_sat.jpg,516,516,peanut,17,136,61,189
25-low_sat.jpg,516,516,peanut,62,144,108,190
25-low_sat.jpg,516,516,peanut,127,157,177,194
25-low_sat.jpg,516,516,peanut,192,138,229,200
25-low_sat.jpg,516,516,peanut,248,156,288,188
25-low_sat.jpg,516,516,peanut,314,146,347,199
25-low_sat.jpg,516,516,peanut,381,154,413,203
25-low_sat.jpg,516,516,peanut,451,168,497,203
25-low_sat.jpg,516,516,raisin,34,205,66,248
25-low_sat.jpg,516,516,raisin,91,215,121,251
25-low_sat.jpg,516,516,raisin,143,219,172,261
25-low_sat.jpg,516,516,raisin,194,227,223,271
25-low_sat.jpg,516,516,raisin,237,228,270,259
25-low_sat.jpg,516,516,raisin,302,229,335,268
25-low_sat.jpg,516,516,raisin,378,230,406,264
25-low_sat.jpg,516,516,raisin,454,237,486,276
25-low_sat.jpg,516,516,raisin,87,295,114,320
25-low_sat.jpg,516,516,raisin,146,292,170,336
25-low_sat.jpg,516,516,raisin,199,303,238,337
25-low_sat.jpg,516,516,raisin,241,281,264,322
25-low_sat.jpg,516,516,raisin,310,295,343,338
25-low_sat.jpg,516,516,raisin,378,298,408,339
25-low_sat.jpg,516,516,raisin,439,292,465,342
25-low_sat.jpg,516,516,almond,82,339,121,402
25-low_sat.jpg,516,516,almond,147,360,180,423
25-low_sat.jpg,516,516,almond,220,361,262,419
25-low_sat.jpg,516,516,almond,292,358,329,423
25-low_sat.jpg,516,516,almond,347,360,407,412
25-off_color.jpg,516,516,mm,27,86,76,136
25-off_color.jpg,516,516,mm,84,70,132,122
25-off_color.jpg,516,516,mm,135,80,182,132
25-off_color.jpg,516,516,mm,192,80,238,130
25-off_color.jpg,516,516,mm,265,77,312,130
25-off_color.jpg,516,516,mm,332,74,380,127
25-off_color.jpg,516,516,mm,400,73,448,126
25-off_color.jpg,516,516,mm,458,81,506,134
25-off_color.jpg,516,516,peanut,18,137,61,190
25-off_color.jpg,516,516,peanut,63,145,107,190
25-off_color.jpg,516,516,peanut,128,157,177,194
25-off_color.jpg,516,516,peanut,192,138,230,201
25-off_color.jpg,516,516,peanut,246,155,288,189
25-off_color.jpg,516,516,peanut,314,146,348,198
25-off_color.jpg,516,516,peanut,380,154,413,204
25-off_color.jpg,516,516,peanut,452,168,497,202
25-off_color.jpg,516,516,raisin,35,205,64,247
25-off_color.jpg,516,516,raisin,92,216,121,251
25-off_color.jpg,516,516,raisin,142,219,172,261
25-off_color.jpg,516,516,raisin,194,227,224,271
25-off_color.jpg,516,516,raisin,237,228,271,259
25-off_color.jpg,516,516,raisin,302,229,336,268
25-off_color.jpg,516,516,raisin,378,229,406,265
25-off_color.jpg,516,516,raisin,454,236,487,276
25-off_color.jpg,516,516,raisin,438,292,465,342
25-off_color.jpg,516,516,raisin,378,298,409,339
25-off_color.jpg,516,516,raisin,309,295,343,338
25-off_color.jpg,516,516,raisin,240,281,263,322
25-off_color.jpg,516,516,raisin,198,303,238,336
25-off_color.jpg,516,516,raisin,145,292,170,336
25-off_color.jpg,516,516,raisin,87,294,115,319
25-off_color.jpg,516,516,almond,348,360,407,412
25-off_color.jpg,516,516,almond,293,358,329,423
25-off_color.jpg,516,516,almond,220,362,262,420
25-off_color.jpg,516,516,almond,147,359,180,423
25-off_color.jpg,516,516,almond,82,340,121,402
25.jpg,516,516,mm,28,86,75,135
25.jpg,516,516,mm,84,69,133,122
25.jpg,516,516,mm,136,81,182,131
25.jpg,516,516,mm,193,79,238,130
25.jpg,516,516,mm,267,78,311,129
25.jpg,516,516,mm,333,73,380,127
25.jpg,516,516,mm,401,74,448,125
25.jpg,516,516,mm,458,82,505,134
25.jpg,516,516,peanut,18,137,61,190
25.jpg,516,516,peanut,62,144,107,190
25.jpg,516,516,peanut,128,158,178,195
25.jpg,516,516,peanut,193,138,230,199
25.jpg,516,516,peanut,248,155,289,189
25.jpg,516,516,peanut,314,147,348,198
25.jpg,516,516,peanut,380,154,414,203
25.jpg,516,516,peanut,452,167,498,203
25.jpg,516,516,raisin,35,205,65,247
25.jpg,516,516,raisin,91,215,121,251
25.jpg,516,516,raisin,141,219,172,261
25.jpg,516,516,raisin,194,227,223,272
25.jpg,516,516,raisin,237,228,271,258
25.jpg,516,516,raisin,301,230,335,269
25.jpg,516,516,raisin,377,229,406,265
25.jpg,516,516,raisin,453,237,486,276
25.jpg,516,516,raisin,438,292,465,342
25.jpg,516,516,raisin,378,298,409,339
25.jpg,516,516,raisin,310,295,343,337
25.jpg,516,516,raisin,241,281,264,322
25.jpg,516,516,raisin,198,303,238,336
25.jpg,516,516,raisin,145,292,171,336
25.jpg,516,516,raisin,87,295,115,319
25.jpg,516,516,almond,347,360,408,412
25.jpg,516,516,almond,293,358,329,423
25.jpg,516,516,almond,221,362,263,419
25.jpg,516,516,almond,147,360,180,422
25.jpg,516,516,almond,83,339,121,403
125.jpg,258,258,mm,14,43,38,68
125.jpg,258,258,mm,42,35,66,60
125.jpg,258,258,mm,68,40,91,66
125.jpg,258,258,mm,96,39,119,64
125.jpg,258,258,mm,133,38,156,65
125.jpg,258,258,mm,167,37,190,63
125.jpg,258,258,mm,200,37,224,63
125.jpg,258,258,mm,228,40,253,67
125.jpg,258,258,peanut,8,67,31,95
125.jpg,258,258,peanut,31,72,54,97
125.jpg,258,258,peanut,64,78,89,98
125.jpg,258,258,peanut,96,69,115,101
125.jpg,258,258,peanut,124,77,144,94
125.jpg,258,258,peanut,157,73,174,99
125.jpg,258,258,peanut,190,77,207,101
125.jpg,258,258,peanut,225,84,248,101
125.jpg,258,258,raisin,17,102,32,124
125.jpg,258,258,raisin,45,107,60,125
125.jpg,258,258,raisin,71,109,86,131
125.jpg,258,258,raisin,96,112,112,136
125.jpg,258,258,raisin,118,113,135,129
125.jpg,258,258,raisin,151,115,168,134
125.jpg,258,258,raisin,189,115,203,133
125.jpg,258,258,raisin,227,118,243,138
125.jpg,258,258,raisin,219,146,232,171
125.jpg,258,258,raisin,189,147,204,169
125.jpg,258,258,raisin,155,147,172,169
125.jpg,258,258,raisin,120,140,132,162
125.jpg,258,258,raisin,99,151,119,168
125.jpg,258,258,raisin,72,145,85,168
125.jpg,258,258,raisin,43,147,58,160
125.jpg,258,258,almond,41,169,61,202
125.jpg,258,258,almond,73,179,90,211
125.jpg,258,258,almond,110,181,132,210
125.jpg,258,258,almond,146,178,164,211
125.jpg,258,258,almond,173,179,204,206
IMG-3780.jpg,4032,3024,raisin,340,1267,535,1402
IMG-3780.jpg,4032,3024,raisin,506,1258,721,1421
IMG-3780.jpg,4032,3024,almond,689,1250,975,1416
IMG-3780.jpg,4032,3024,almond,984,1241,1360,1424
IMG-3780.jpg,4032,3024,almond,1438,1226,1670,1426
IMG-3780.jpg,4032,3024,almond,1635,1253,2116,1426
IMG-3780.jpg,4032,3024,mm,2167,1272,2440,1414
IMG-3780.jpg,4032,3024,peanut,2473,1285,2770,1408
IMG-3780.jpg,4032,3024,peanut,2807,1232,3040,1411
IMG-3780.jpg,4032,3024,peanut,3055,1255,3373,1400
IMG-3780.jpg,4032,3024,raisin,3363,1317,3587,1395
IMG-3781.jpg,4032,3024,raisin,133,943,431,1094
IMG-3781.jpg,4032,3024,raisin,357,1011,616,1189
IMG-3781.jpg,4032,3024,almond,587,955,906,1246
IMG-3781.jpg,4032,3024,almond,918,997,1370,1224
IMG-3781.jpg,4032,3024,almond,1447,882,1716,1280
IMG-3781.jpg,4032,3024,almond,1684,996,2245,1237
IMG-3781.jpg,4032,3024,mm,2302,988,2624,1227
IMG-3781.jpg,4032,3024,peanut,2665,988,3010,1190
IMG-3781.jpg,4032,3024,peanut,3033,920,3314,1180
IMG-3781.jpg,4032,3024,peanut,3324,906,3688,1120
IMG-3781.jpg,4032,3024,raisin,3635,975,3920,1114
IMG-3782.jpg,4032,3024,raisin,155,1317,354,1441
IMG-3782.jpg,4032,3024,raisin,337,1256,586,1434
IMG-3782.jpg,4032,3024,almond,545,1248,871,1434
IMG-3782.jpg,4032,3024,almond,879,1248,1310,1441
IMG-3782.jpg,4032,3024,almond,1393,1259,1667,1437
IMG-3782.jpg,4032,3024,almond,1627,1265,2196,1431
IMG-3782.jpg,4032,3024,mm,2247,1287,2572,1435
IMG-3782.jpg,4032,3024,peanut,2605,1313,2962,1432
IMG-3782.jpg,4032,3024,peanut,2986,1254,3268,1434
IMG-3782.jpg,4032,3024,peanut,3274,1290,3631,1434
IMG-3782.jpg,4032,3024,raisin,3626,1361,3900,1441
distance2.jpg,3024,4032,raisin,1180,1294,1245,1354
distance2.jpg,3024,4032,raisin,1272,1286,1325,1327
distance2.jpg,3024,4032,raisin,1225,1373,1271,1438
distance2.jpg,3024,4032,raisin,1160,1451,1230,1496
distance2.jpg,3024,4032,raisin,1404,1316,1467,1360
distance2.jpg,3024,4032,raisin,1448,1325,1511,1368
distance2.jpg,3024,4032,raisin,1310,1425,1366,1458
distance2.jpg,3024,4032,raisin,1415,1490,1481,1535
distance2.jpg,3024,4032,raisin,1608,1280,1672,1321
distance2.jpg,3024,4032,raisin,1650,1308,1723,1354
distance2.jpg,3024,4032,raisin,1710,1357,1781,1409
distance2.jpg,3024,4032,raisin,1686,1438,1736,1491
distance2.jpg,3024,4032,raisin,1590,1472,1669,1524
distance2.jpg,3024,4032,mm,1403,1243,1471,1310
distance2.jpg,3024,4032,mm,1356,1381,1427,1442
distance2.jpg,3024,4032,mm,1560,1307,1629,1367
distance2.jpg,3024,4032,mm,1613,1386,1684,1447
distance2.jpg,3024,4032,mm,1535,1436,1608,1497
distance2.jpg,3024,4032,almond,1459,1284,1582,1328
distance2.jpg,3024,4032,peanut,1360,1294,1414,1330
distance2.jpg,3024,4032,peanut,1518,1365,1578,1426
distance2.jpg,3024,4032,peanut,1292,1359,1344,1416
distance2.jpg,3024,4032,peanut,1289,1437,1344,1498
distance2.jpg,3024,4032,almond,1419,1384,1480,1479
distance2.jpg,3024,4032,almond,1479,1414,1538,1511
distance3.jpg,3024,4032,raisin,1187,1498,1249,1552
distance3.jpg,3024,4032,raisin,1275,1490,1322,1528
distance3.jpg,3024,4032,raisin,1230,1570,1271,1628
distance3.jpg,3024,4032,raisin,1171,1643,1234,1683
distance3.jpg,3024,4032,raisin,1307,1616,1360,1652
distance3.jpg,3024,4032,raisin,1400,1675,1462,1719
distance3.jpg,3024,4032,raisin,1565,1657,1633,1707
distance3.jpg,3024,4032,raisin,1653,1628,1698,1676
distance3.jpg,3024,4032,raisin,1674,1552,1742,1599
distance3.jpg,3024,4032,raisin,1584,1479,1642,1520
distance3.jpg,3024,4032,raisin,1627,1505,1688,1548
distance3.jpg,3024,4032,raisin,1395,1514,1456,1555
distance3.jpg,3024,4032,raisin,1437,1523,1493,1560
distance3.jpg,3024,4032,mm,1538,1505,1602,1561
distance3.jpg,3024,4032,mm,1586,1577,1652,1634
distance3.jpg,3024,4032,mm,1514,1625,1579,1681
distance3.jpg,3024,4032,mm,1393,1448,1458,1511
distance3.jpg,3024,4032,mm,1348,1576,1414,1631
distance3.jpg,3024,4032,peanut,1354,1494,1405,1527
distance3.jpg,3024,4032,peanut,1355,1541,1410,1585
distance3.jpg,3024,4032,peanut,1291,1555,1338,1608
distance3.jpg,3024,4032,peanut,1287,1627,1337,1684
distance3.jpg,3024,4032,peanut,1498,1560,1554,1617
distance3.jpg,3024,4032,almond,1447,1482,1554,1524
distance3.jpg,3024,4032,almond,1408,1576,1464,1666
distance3.jpg,3024,4032,almond,1462,1604,1516,1696
